Event,Location,Date,ISO_Date,Event,Location_English,temperature_c,wind_speed_kph,humidity_%,precipitation_mm
Crazy Cup (Nové Město pod Smrkem) 2023. július 1.,Nové Město pod Smrkem,2023. július 1.,2023-07-01,Crazy Cup (Nové Město pod Smrkem) 2023. július 1-2.,Nove Mesto pod Smrkem,14.7,2.2,98.0,0.0
Crazy Cup (Nové Město pod Smrkem) 2023. július 2.,Nové Město pod Smrkem,2023. július 2.,2023-07-02,Crazy Cup (Nové Město pod Smrkem) 2023. július 1-2.,Nove Mesto pod Smrkem,15.5,6.1,94.0,0.7
Flyvaryors turnaj (Blšany) 2023. május 20.,Blšany,2023. május 20.,2023-05-20,Flyvaryors turnaj (Blšany) 2023. május 20-21.,Blsany,10.6,7.6,86.0,0.0
Flyvaryors turnaj (Blšany) 2023. május 21.,Blšany,2023. május 21.,2023-05-21,Flyvaryors turnaj (Blšany) 2023. május 20-21.,Blsany,13.4,10.8,92.0,0.0
Budějckej xtreme 2. ring (Vodňany) 2023. október 14.,Vodňany,2023. október 14.,2023-10-14,Budějckej xtreme 2. ring (Vodňany) 2023. október 14-15.,Vodnany,14.6,9.7,47.0,0.0
Budějckej xtreme 2. ring (Vodňany) 2023. október 15.,Vodňany,2023. október 15.,2023-10-15,Budějckej xtreme 2. ring (Vodňany) 2023. október 14-15.,Vodnany,8.4,12.6,81.0,0.01
Budějckej xtreme 1. ring (Vodňany) 2023. október 14.,Vodňany,2023. október 14.,2023-10-14,Budějckej xtreme 1. ring (Vodňany) 2023. október 14-15.,Vodnany,14.6,9.7,47.0,0.0
Budějckej xtreme 1. ring (Vodňany) 2023. október 15.,Vodňany,2023. október 15.,2023-10-15,Budějckej xtreme 1. ring (Vodňany) 2023. október 14-15.,Vodnany,8.4,12.6,81.0,0.01
Eager´s Cup 2. ring (Žamberk) 2023. május 6.,Žamberk,2023. május 6.,2023-05-06,Eager´s Cup 2. ring (Žamberk) 2023. május 6-7.,Zamberk,8.7,7.9,84.0,0.0
Eager´s Cup 2. ring (Žamberk) 2023. május 7.,Žamberk,2023. május 7.,2023-05-07,Eager´s Cup 2. ring (Žamberk) 2023. május 6-7.,Zamberk,8.0,4.0,96.0,0.0
Eager´s Cup 1. ring (Žamberk) 2023. május 6.,Žamberk,2023. május 6.,2023-05-06,Eager´s Cup 1. ring (Žamberk) 2023. május 6-7.,Zamberk,8.7,7.9,84.0,0.0
Eager´s Cup 1. ring (Žamberk) 2023. május 7.,Žamberk,2023. május 7.,2023-05-07,Eager´s Cup 1. ring (Žamberk) 2023. május 6-7.,Zamberk,8.0,4.0,96.0,0.0
"Máchale, spadlo ti to! (Louňovice) 2023. július 15.",Louňovice,2023. július 15.,2023-07-15,"Máchale, spadlo ti to! (Louňovice) 2023. július 15-16.",Lounovice,19.5,7.2,60.0,0.0
"Máchale, spadlo ti to! (Louňovice) 2023. július 16.",Louňovice,2023. július 16.,2023-07-16,"Máchale, spadlo ti to! (Louňovice) 2023. július 15-16.",Lounovice,24.9,2.2,69.0,0.0
Křupky na břehu (Litomyšl) 2023. szeptember 16.,Litomyšl,2023. szeptember 16.,2023-09-16,Křupky na břehu (Litomyšl) 2023. szeptember 16-17.,Litomysl,12.6,7.6,77.0,0.0
Křupky na břehu (Litomyšl) 2023. szeptember 17.,Litomyšl,2023. szeptember 17.,2023-09-17,Křupky na břehu (Litomyšl) 2023. szeptember 16-17.,Litomysl,13.8,8.6,85.0,0.0
MED's Trophy (Pláně) 2023. június 10.,Pláně,2023. június 10.,2023-06-10,MED's Trophy (Pláně) 2023. június 10-11.,Plane,23.8,7.6,93.0,0.0
MED's Trophy (Pláně) 2023. június 11.,Pláně,2023. június 11.,2023-06-11,MED's Trophy (Pláně) 2023. június 10-11.,Plane,23.7,2.9,93.0,0.0
Mistrovství České republiky (Blšany) 2023. szeptember 3.,Blšany,2023. szeptember 3.,2023-09-03,Mistrovství České republiky (Blšany) 2023. szeptember 3-4.,Blsany,15.2,2.9,88.0,0.0
Mistrovství České republiky (Blšany) 2023. szeptember 4.,Blšany,2023. szeptember 4.,2023-09-04,Mistrovství České republiky (Blšany) 2023. szeptember 3-4.,Blsany,13.2,6.5,71.0,0.0
BCCCZ mistrovství (Prostějov) 2023. június 24.,Prostějov,2023. június 24.,2023-06-24,BCCCZ mistrovství (Prostějov) 2023. június 24-25.,Prostejov,17.9,12.2,79.0,0.0
BCCCZ mistrovství (Prostějov) 2023. június 25.,Prostějov,2023. június 25.,2023-06-25,BCCCZ mistrovství (Prostějov) 2023. június 24-25.,Prostejov,13.2,2.5,90.0,0.0
EFC - Ring 1 (Tápiószentmárton) 2023. július 30.,Tápiószentmárton,2023. július 30.,2023-07-30,EFC - Ring 1 (Tápiószentmárton) 2023. július 30.,Tapioszentmarton,23.2,3.2,53.0,0.0
EFC - Ring 2 (Tápiószentmárton) 2023. július 30.,Tápiószentmárton,2023. július 30.,2023-07-30,EFC - Ring 2 (Tápiószentmárton) 2023. július 30.,Tapioszentmarton,23.2,3.2,53.0,0.0
EFC - Ring 1 (Tápiószentmárton) 2023. július 29.,Tápiószentmárton,2023. július 29.,2023-07-29,EFC - Ring 1 (Tápiószentmárton) 2023. július 29.,Tapioszentmarton,20.2,11.5,62.0,0.0
Hanácké škvarek (Heroltice) 2023. április 22.,Heroltice,2023. április 22.,2023-04-22,Hanácké škvarek (Heroltice) 2023. április 22-23.,Heroltice,7.6,6.5,79.0,0.0
Hanácké škvarek (Heroltice) 2023. április 23.,Heroltice,2023. április 23.,2023-04-23,Hanácké škvarek (Heroltice) 2023. április 22-23.,Heroltice,8.0,10.8,85.0,0.0
EFC - Ring 2 (Tápiószentmárton) 2023. július 29.,Tápiószentmárton,2023. július 29.,2023-07-29,EFC - Ring 2 (Tápiószentmárton) 2023. július 29.,Tapioszentmarton,20.2,11.5,62.0,0.0
