felvezeto,nev,fajta,nem,ivar,szuletesi_datum,kora,chip_szam,ulna_hossz,ugrasi_magassag,fajta_old,ulna_ug_mag
TM800418,Dexter,Kooikerhondje,kan,ivartalan,2010-02-14,14,93900005238999,14.05,25.0,Kooikerhondje,1.779359430604982
NP950613,Jasper,Border collie,kan,ivartalan,2011-03-28,13,93900007189034,16.56,30.0,Border Collie,1.8115942028985508
UF830429,Angie,Border collie,szuka,ivartalan,2014-02-06,10,93900003827629,15.22,27.5,Border,1.8068331143232588
ZE801127,Alex,Border collie,kan,ivartalan,2014-04-22,10,93900003598960,17.95,32.5,Border Collie,1.8105849582172702
OJ941014,Bella,American staffordshire terrier,szuka,ivartalan,2015-02-27,9,93900009320601,14.7,25.0,American Staffordshire Terrier,1.7006802721088436
UR870607,Negro,Keverék,kan,ivartalan,2015-04-14,9,93900002110777,15.77,27.5,Keverék,1.7438173747622068
RK871018,Fibo,Magyar vizsla,kan,ivartalan,2015-05-21,9,93900001757525,17.99,32.5,Magyar Vizsla,1.8065591995553087
PO831026,Agnes,Border collie,szuka,ivartalan,2015-09-24,9,93900007138387,18.02,32.5,Border Collie,1.8035516093229744
DM850705,Speedy,Keverék,kan,ivartalan,2015-11-07,9,93900001547455,15.28,25.0,Keverék,1.6361256544502618
LO900912,Apollo,Border collie,kan,ivartalan,2015-12-01,9,93900002501294,17.2,30.0,Border,1.744186046511628
TV860229,Riley,Keverék,szuka,ivartalan,2016-02-27,8,93900009815888,15.26,27.5,Mix,1.802096985583224
WS810829,Jessie,Border collie,szuka,ivartalan,2016-04-30,8,93900008979908,17.99,32.5,Border Collie,1.8065591995553087
MB801205,Ted,Border collie,kan,ivartalan,2016-05-02,8,93900007209752,16.52,30.0,border collie,1.8159806295399517
OK870605,Gerry,Australian kelpie,kan,ivartalan,2016-09-03,8,93900007728423,14.04,25.0,Australian Kelpie,1.7806267806267808
BV810323,Enola,Border collie,szuka,ivartalan,2017-05-31,7,93900002731726,15.28,32.5,Border Collie,2.1269633507853403
JV990222,Punk,Small schnauzer,szuka,ivartalan,2017-07-04,7,93900007218892,15.28,15.0,Small schnauzer,0.9816753926701571
AT991109,Sara,Border collie,szuka,ivartalan,2017-08-25,7,93900003495780,15.84,27.5,Border,1.7361111111111112
UZ940717,Pax,Sheltie,kan,ivartalan,2017-09-08,7,93900004293075,14.3,25.0,Sheltie,1.7482517482517481
MT970826,Rex,Keverék,kan,ivaros,2017-11-17,7,93900004371167,16.01,27.5,Mix,1.717676452217364
SO990728,Dusty,Parson russell terrier,szuka,ivartalan,2017-12-21,7,93900005627226,15.28,22.5,Parson Russell terrier,1.4725130890052356
UO920408,Fleur,Border collie,kan,ivartalan,2018-01-04,6,93900001974600,17.81,32.5,Border Collie,1.8248175182481754
IS961124,Alfie,Australian shepperd,szuka,ivartalan,2018-03-09,6,93900009309522,16.56,30.0,Australian Shepperd,1.8115942028985508
UO880828,Hector,Border collie,kan,ivaros,2018-08-02,6,93900003589833,18.0,32.5,Border Collie,1.8055555555555556
TU820403,Maggie,Border collie,szuka,ivartalan,2018-09-02,6,93900005172450,16.54,30.0,BorderCollie,1.8137847642079807
KL970722,Them,Keverék,kan,ivartalan,2018-10-18,6,93900003871143,14.8,25.0,Mix,1.689189189189189
EH831207,Rocky,Belgian shepherd - malinois,kan,ivartalan,2018-12-22,6,93900003818036,15.28,32.5,Belgian shepherd - Malinois,2.1269633507853403
LZ800202,Dixie,Border collie,kan,ivartalan,2018-12-22,6,93900002523549,14.36,25.0,Border Collie,1.7409470752089138
OA821108,Brix,Border collie,kan,ivartalan,2019-01-19,5,93900003669802,17.68,32.5,border collie,1.8382352941176472
HM980701,Milo,Border collie,kan,ivartalan,2019-06-01,5,93900009646655,17.3,30.0,Border Collie,1.7341040462427746
EC940409,Tyna,Border collie,szuka,ivartalan,2019-06-15,5,93900007664925,15.36,27.5,BorderCollie,1.7903645833333335
NZ800507,Abby,Border collie,szuka,ivartalan,2019-07-16,5,93900008694414,15.46,27.5,Border Collie,1.778783958602846
DU050516,Falco,Border collie,szuka,ivartalan,2020-04-20,4,93900009884426,15.28,27.5,Border Collie,1.799738219895288
GB900808,Sunny,Belgian shepherd - malinois,szuka,ivartalan,2020-09-10,4,93900009650506,18.0,32.5,Belgian shepherd - Malinois,1.8055555555555556
RF840515,Nina,Border collie,szuka,ivartalan,2020-09-20,4,93900002949462,15.38,27.5,Border Collie,1.788036410923277
TC041225,Kesha,Border collie,kan,ivaros,2020-11-16,4,93900005669853,13.6,22.5,Border,1.6544117647058825
LF971218,Mason,Keverék,kan,ivartalan,2020-11-29,4,93900002956276,15.23,27.5,Mix,1.8056467498358502
GE030417,Moon,Border collie,szuka,ivaros,2021-01-04,3,93900006876951,17.35,30.0,Border Collie,1.7291066282420748
DD800226,Sirius,Border collie,kan,ivartalan,2021-01-04,3,93900005539134,17.74,32.5,Border,1.8320180383314546
LM070408,Scotty,Mudi,kan,ivaros,2021-01-31,3,93900008830504,16.84,30.0,Mudi,1.7814726840855106
RN891016,Cookies,Australian kelpie,kan,ivaros,2021-04-09,3,93900008401355,15.12,27.5,Australian Kelpie,1.8187830687830688
LP030829,Bree,Belgian shepherd - malinois,szuka,ivartalan,2021-06-11,3,93900003826751,16.73,30.0,Belgian shepherd - Malinois,1.7931858936043037
VK910426,Kent,Keverék,kan,ivaros,2021-07-10,3,93900001206699,15.28,27.5,Mix,1.799738219895288
MJ930217,Brooke,Border collie,kan,ivaros,2021-10-20,3,93900005854271,17.08,30.0,Border Collie,1.7564402810304451
NJ890324,Bonnie,Whippet,szuka,ivaros,2022-03-08,2,93900008748969,15.71,27.5,Whippet,1.7504774029280712
UH881130,Hank,Keverék,kan,ivaros,2022-05-02,2,93900008222471,16.28,27.5,Keverék,1.689189189189189
